{
"adarei":"https://github.com/ravindu01manoj/Sew-Queen/blob/master/VoiceClip/Adarei.mp3?raw=true",
"adaray":"https://github.com/ravindu01manoj/Sew-Queen/blob/master/VoiceClip/Adarei.mp3?raw=true",
"akke":"https://github.com/ravindu01manoj/Sew-Queen/blob/master/VoiceClip/Akke.mp3?raw=true",
"baduwa":"https://github.com/ravindu01manoj/Sew-Queen/blob/master/VoiceClip/Baduwa.mp3?raw=true",
"balaganim":"https://github.com/ravindu01manoj/Sew-Queen/blob/master/VoiceClip/Balaganin.mp3?raw=true",
"balagena":"https://github.com/ravindu01manoj/Sew-Queen/blob/master/VoiceClip/Balagena.mp3?raw=true",
"balli":"https://github.com/ravindu01manoj/Sew-Queen/blob/master/VoiceClip/Balli.mp3?raw=true",
"bot":"https://github.com/ravindu01manoj/Sew-Queen/blob/master/VoiceClip/Bot.mp3?raw=true",
"bye":"https://github.com/ravindu01manoj/Sew-Queen/blob/master/VoiceClip/Bye.mp3?raw=true",
"denavawa":"https://github.com/ravindu01manoj/Sew-Queen/blob/master/VoiceClip/Denawada.mp3?raw=true",
"enne nane":"https://github.com/ravindu01manoj/Sew-Queen/blob/master/VoiceClip/Enne%20nane.mp3?raw=true",
"epa vela":"https://github.com/ravindu01manoj/Sew-Queen/blob/master/VoiceClip/Ep%20wel.mp3?raw=true",
"fuck":"https://github.com/ravindu01manoj/Sew-Queen/blob/master/VoiceClip/Fuck.mp3?raw=true",
"gahanva":"https://github.com/ravindu01manoj/Sew-Queen/blob/master/VoiceClip/Gahanawa.mp3?raw=true",
"gahano":"https://github.com/ravindu01manoj/Sew-Queen/blob/master/VoiceClip/Gahano.mp3?raw=true",
"gm":"https://github.com/ravindu01manoj/Sew-Queen/blob/master/VoiceClip/Gm.mp3?raw=true",
"gn":"https://github.com/ravindu01manoj/Sew-Queen/blob/master/VoiceClip/Gn.mp3?raw=true",
"good morning":"https://github.com/ravindu01manoj/Sew-Queen/blob/master/VoiceClip/Good%20morning.mp3?raw=true",
"good night":"https://github.com/ravindu01manoj/Sew-Queen/blob/master/VoiceClip/Good%20night.mp3?raw=true",
"gothaya":"https://github.com/ravindu01manoj/Sew-Queen/blob/master/VoiceClip/Gothaya.mp3?raw=true",
"guti":"https://github.com/ravindu01manoj/Sew-Queen/blob/master/VoiceClip/Guti.mp3?raw=true",
"ha ha":"https://github.com/ravindu01manoj/Sew-Queen/blob/master/VoiceClip/Ha%20ha.mp3?raw=true",
"hako":"https://github.com/ravindu01manoj/Sew-Queen/blob/master/VoiceClip/Hako.mp3?raw=true",
"hello":"https://github.com/ravindu01manoj/Sew-Queen/blob/master/VoiceClip/Hello.mp3?raw=true",
"helo":"https://github.com/ravindu01manoj/Sew-Queen/blob/master/VoiceClip/Helo.mp3?raw=true",
"hey":"https://github.com/ravindu01manoj/Sew-Queen/blob/master/VoiceClip/Hey.mp3?raw=true",
"hi":"https://github.com/ravindu01manoj/Sew-Queen/blob/master/VoiceClip/Hey.mp3?raw=true",
"hmm":"https://github.com/ravindu01manoj/Sew-Queen/blob/master/VoiceClip/Hmm.mp3?raw=true",
"hukana":"https://github.com/ravindu01manoj/Sew-Queen/blob/master/VoiceClip/Hukanna.mp3?raw=true",
"hukanni":"https://github.com/ravindu01manoj/Sew-Queen/blob/master/VoiceClip/Hukanni.mp3?raw=true",
"hum":"https://github.com/ravindu01manoj/Sew-Queen/blob/master/VoiceClip/Hum.mp3?raw=true",
"huththa":"https://github.com/ravindu01manoj/Sew-Queen/blob/master/VoiceClip/Huththa.mp3?raw=true",
"huththi":"https://github.com/ravindu01manoj/Sew-Queen/blob/master/VoiceClip/Huththi.mp3?raw=true",
"hy":"https://github.com/ravindu01manoj/Sew-Queen/blob/master/VoiceClip/Hy.mp3?raw=true",
"i love you":"https://github.com/ravindu01manoj/Sew-Queen/blob/master/VoiceClip/I%20love%20you.mp3?raw=true",
"kariya":"https://github.com/ravindu01manoj/Sew-Queen/blob/master/VoiceClip/Kariya.mp3?raw=true",
"kellekda":"https://github.com/ravindu01manoj/Sew-Queen/blob/master/VoiceClip/Kellekda.mp3?raw=true",
"kohamada":"https://github.com/ravindu01manoj/Sew-Queen/blob/master/VoiceClip/Kohomada.mp3?raw=true",
"love":"https://github.com/ravindu01manoj/Sew-Queen/blob/master/VoiceClip/Love.mp3?raw=true",
"marilada":"https://github.com/ravindu01manoj/Sew-Queen/blob/master/VoiceClip/Marilada.mp3?raw=true",
"mk":"https://github.com/ravindu01manoj/Sew-Queen/blob/master/VoiceClip/Mk.mp3?raw=true",
"na":"https://github.com/ravindu01manoj/Sew-Queen/blob/master/VoiceClip/Na%20na.mp3?raw=true",
"nah":"https://github.com/ravindu01manoj/Sew-Queen/blob/master/VoiceClip/Nah.mp3?raw=true",
"nangi":"https://github.com/ravindu01manoj/Sew-Queen/blob/master/VoiceClip/Namgi.mp3?raw=true",
"pakaya":"https://github.com/ravindu01manoj/Sew-Queen/blob/master/VoiceClip/Pakaya.mp3?raw=true",
"pala":"https://github.com/ravindu01manoj/Sew-Queen/blob/master/VoiceClip/Pala.mp3?raw=true",
"pinnaya":"https://github.com/ravindu01manoj/Sew-Queen/blob/master/VoiceClip/Pinnaya.mp3?raw=true",
"ponnaya":"https://github.com/ravindu01manoj/Sew-Queen/blob/master/VoiceClip/Ponnaya.mp3?raw=true",
"🖕":"https://files.catbox.moe/gpi2cy.mp3"
}
